id,run_id,Unnamed: 0,PoissonParameter
0,0,0,5.308880308880309
1,0,0,5.2958015267175576
2,0,0,5.3125
3,0,0,5.3125
