id,run_id,Unnamed: 0,PoissonParameter
0,0,0,5.2992277992278
1,0,0,5.2992277992278
2,0,0,5.2992277992278
3,0,0,5.3125
