id,run_id,Unnamed: 0,timeToInform95PercentAgents
0,0,0,3.6
1,0,0,4.8
2,0,0,5.6000000000000005
3,0,0,5.6000000000000005
