#IDXCOL=1,DATACOL=2,SEP=' '
pedestrianId endTime-PID5 startTime-PID7
1 100.40000000000035 0.0
2 100.40000000000035 0.0
3 100.40000000000035 0.0
4 83.2000000000001 0.0
5 100.40000000000035 3.1999999999999997
6 100.40000000000035 12.400000000000006
7 100.40000000000035 28.79999999999996
8 100.40000000000035 29.19999999999996
9 100.40000000000035 56.79999999999986
10 100.40000000000035 63.19999999999984
11 100.40000000000035 80.00000000000006
