id,run_id,Unnamed: 0,PoissonParameter
0,0,0,0.10638297872340426
1,0,0,0.10638297872340426
2,0,0,19.20849420849421
