id,run_id,Unnamed: 0,timeToInform95PercentAgents
0,0,0,69.19999999999989
1,0,0,69.19999999999989
2,0,0,3.6
