id,run_id,unknown_index_0,PoissonParameter
0,0,0,0.33783783783783783
1,0,0,0.33783783783783783
2,0,0,0.33783783783783783
3,0,0,0.33783783783783783
4,0,0,
5,0,0,
6,0,0,
7,0,0,
