id,run_id,unknown_index_0,timeToInform95PercentAgents
0,0,0,3.6
1,0,0,3.6
2,0,0,3.6
3,0,0,3.6
4,0,0,8.800000000000002
5,0,0,3.6
6,0,0,3.6
7,0,0,8.800000000000002
