id,run_id,unknown_index_0,timeToInform95PercentAgents
0,0,0,3.6
1,0,0,33.599999999999945
2,0,0,33.599999999999945
3,0,0,
4,0,0,33.599999999999945
5,0,0,3.6
6,0,0,3.6
7,0,0,3.6
8,0,0,3.6
9,0,0,3.6
10,0,0,3.6
11,0,0,
12,0,0,3.6
13,0,0,3.6
14,0,0,3.6
15,0,0,3.6
16,0,0,6.8000000000000025
17,0,0,3.6
18,0,0,3.6
19,0,0,3.6
20,0,0,3.6
21,0,0,4.8
22,0,0,4.8
