id,run_id,unknown_index_0,timeToInform95PercentAgents
0,0,0,4.8
1,0,0,16.800000000000004
2,0,0,16.800000000000004
3,0,0,16.800000000000004
4,0,0,16.800000000000004
5,0,0,2.8
6,0,0,3.6
7,0,0,3.6
8,0,0,2.8
9,0,0,2.8
10,0,0,3.6
11,0,0,2.8
12,0,0,3.6
13,0,0,3.6
14,0,0,3.6
15,0,0,3.6
16,0,0,9.600000000000003
17,0,0,2.8
18,0,0,2.8
19,0,0,3.6
20,0,0,10.800000000000004
21,0,0,3.6
22,0,0,3.6
