id,run_id,unknown_index_0,timeToInform95PercentAgents
0,0,0,3.6
1,0,0,0.8
2,0,0,0.8
3,0,0,0.8
4,0,0,0.8
5,0,0,5.6
6,0,0,28.8
7,0,0,9.6
8,0,0,31.5999999999999
9,0,0,82.0000000000001
10,0,0,59.9999999999999
11,0,0,16.8
12,0,0,43.5999999999999
13,0,0,43.5999999999999
14,0,0,11.2
15,0,0,100.8
16,0,0,2.8
17,0,0,6.8
18,0,0,100.8
19,0,0,16.8
20,0,0,1.6
21,0,0,18.8
22,0,0,11.6
