id,run_id,unknown_index_0,timeToInform95PercentAgents
0,0,0,1.6
1,0,0,0.8
2,0,0,0.8
3,0,0,
4,0,0,0.8
5,0,0,1.6
6,0,0,5.6000000000000005
7,0,0,8.800000000000002
8,0,0,49.199999999999896
9,0,0,29.599999999999962
10,0,0,11.600000000000005
11,0,0,
12,0,0,7.600000000000002
13,0,0,32.79999999999995
14,0,0,57.199999999999854
15,0,0,40.799999999999926
16,0,0,5.6000000000000005
17,0,0,7.600000000000002
18,0,0,17.6
19,0,0,3.6
20,0,0,5.2
21,0,0,0.8
22,0,0,18.8
